AUROC	AUPRC	balanced_accuracy	accuracy	MCC	F1	sensitivity	specificity	PPV	NPV	Brier	ECE	calibration_slope	calibration_intercept	endpoint	stratum	cohort	model_name	selection_mode	selected_candidate	candidate_family	threshold	train_cohorts	n_samples	n_responders	n_nonresponders	bio_prior_cosine	bio_sign_agreement	bio_compactness_bonus	bio_objective_bonus	selection_boundary
0.5435897435897435	0.3568494363981667	0.5307692307692308	0.4897959183673469	0.04986383946711771	0.32432432432432434	0.6	0.46153846153846156	0.2222222222222222	0.8181818181818182	0.2716989468220239	0.30840947329465146	0.2955299380088846	-1.3787600953316492	primary_recist	melanoma_core_high_evidence	GSE91061	EcoNiche-Opt-BioObjectivePanelSearch	bio_objective	apm_cyto_resistance	response_resistance_axis	0.46293177202735614	GSE78220,PRJEB23709_PD1_PRE	49	10	39	0.6765560069081112	0.5714285714285714	1.0	0.09698162340979176	
0.5435897435897435	0.3568494363981667	0.5307692307692308	0.4897959183673469	0.04986383946711771	0.32432432432432434	0.6	0.46153846153846156	0.2222222222222222	0.8181818181818182	0.2716989468220239	0.30840947329465146	0.2955299380088846	-1.3787600953316492	primary_recist	melanoma_core_high_evidence	GSE91061	EcoNiche-Opt-NoBioObjectivePanelSearch	no_bio_objective	apm_cyto_resistance	response_resistance_axis	0.46293177202735614	GSE78220,PRJEB23709_PD1_PRE	49	10	39	0.6765560069081112	0.5714285714285714	1.0	0.09698162340979176	
0.6483516483516484	0.6310725135349196	0.6263736263736264	0.6296296296296297	0.2570193398539127	0.6666666666666666	0.7142857142857143	0.5384615384615384	0.625	0.6363636363636364	0.2596603442220278	0.2331239129251156	0.30958384249576754	0.11881724476457683	primary_recist	melanoma_core_high_evidence	GSE78220	EcoNiche-Opt-BioObjectivePanelSearch	bio_objective	bio_prior	prior	0.4257412706299258	GSE91061,PRJEB23709_PD1_PRE	27	14	13	0.9999999999999999	1.0	0.0	0.12	
0.554945054945055	0.5641764081450252	0.5604395604395604	0.5555555555555556	0.12507270025494252	0.5	0.42857142857142855	0.6923076923076923	0.6	0.5294117647058824	0.2731456968868058	0.14723661592444165	0.16332928793269627	0.09562600123423988	primary_recist	melanoma_core_high_evidence	GSE78220	EcoNiche-Opt-NoBioObjectivePanelSearch	no_bio_objective	drop_stromal_exclusion	single_module_drop	0.5635855648917983	GSE91061,PRJEB23709_PD1_PRE	27	14	13	0.9393364366277241	0.8571428571428571	0.0	0.10943262921593222	
0.8755980861244019	0.8331876911765292	0.7212918660287082	0.7317073170731707	0.46541211876427413	0.6666666666666666	0.5789473684210527	0.8636363636363636	0.7857142857142857	0.7037037037037037	0.20033360385468568	0.2227567898798019	4.54193687621108	-0.012613437393706763	primary_recist	melanoma_core_high_evidence	PRJEB23709_PD1_PRE	EcoNiche-Opt-BioObjectivePanelSearch	bio_objective	bio_prior	prior	0.5321556593934782	GSE91061,GSE78220	41	19	22	0.9999999999999999	1.0	0.0	0.12	
0.868421052631579	0.8153074642935325	0.7212918660287082	0.7317073170731707	0.46541211876427413	0.6666666666666666	0.5789473684210527	0.8636363636363636	0.7857142857142857	0.7037037037037037	0.19792301658948766	0.2146952761025379	3.9798252708811246	0.008298000531737348	primary_recist	melanoma_core_high_evidence	PRJEB23709_PD1_PRE	EcoNiche-Opt-NoBioObjectivePanelSearch	no_bio_objective	response_equal_resistance_negative	ecology_symmetric	0.5358224408656724	GSE91061,GSE78220	41	19	22	0.90748521297303	1.0	0.0	0.11259881703784241	
0.5435897435897435	0.3568494363981667	0.5423076923076923	0.4489795918367347	0.07073991553074502	0.34146341463414637	0.7	0.38461538461538464	0.22580645161290322	0.8333333333333334	0.2691985317405226	0.30541730731279604	0.3306209523588527	-1.3845123026146067	primary_recist	melanoma_recist_supported_primary	GSE91061	EcoNiche-Opt-BioObjectivePanelSearch	bio_objective	apm_cyto_resistance	response_resistance_axis	0.418105022157444	GSE78220,GSE145996,PRJEB23709_PD1_PRE	49	10	39	0.6765560069081112	0.5714285714285714	1.0	0.09698162340979176	
0.5435897435897435	0.3568494363981667	0.5423076923076923	0.4489795918367347	0.07073991553074502	0.34146341463414637	0.7	0.38461538461538464	0.22580645161290322	0.8333333333333334	0.2691985317405226	0.30541730731279604	0.3306209523588527	-1.3845123026146067	primary_recist	melanoma_recist_supported_primary	GSE91061	EcoNiche-Opt-NoBioObjectivePanelSearch	no_bio_objective	apm_cyto_resistance	response_resistance_axis	0.418105022157444	GSE78220,GSE145996,PRJEB23709_PD1_PRE	49	10	39	0.6765560069081112	0.5714285714285714	1.0	0.09698162340979176	
0.554945054945055	0.5641764081450252	0.554945054945055	0.5555555555555556	0.10989010989010989	0.5714285714285714	0.5714285714285714	0.5384615384615384	0.5714285714285714	0.5384615384615384	0.2670703056990644	0.15279500391942036	0.1868582601056037	0.08788293998050932	primary_recist	melanoma_recist_supported_primary	GSE78220	EcoNiche-Opt-BioObjectivePanelSearch	bio_objective	drop_stromal_exclusion	single_module_drop	0.5128925322313205	GSE91061,GSE145996,PRJEB23709_PD1_PRE	27	14	13	0.9393364366277241	0.8571428571428571	0.0	0.10943262921593222	
0.554945054945055	0.5641764081450252	0.554945054945055	0.5555555555555556	0.10989010989010989	0.5714285714285714	0.5714285714285714	0.5384615384615384	0.5714285714285714	0.5384615384615384	0.2670703056990644	0.15279500391942036	0.1868582601056037	0.08788293998050932	primary_recist	melanoma_recist_supported_primary	GSE78220	EcoNiche-Opt-NoBioObjectivePanelSearch	no_bio_objective	drop_stromal_exclusion	single_module_drop	0.5128925322313205	GSE91061,GSE145996,PRJEB23709_PD1_PRE	27	14	13	0.9393364366277241	0.8571428571428571	0.0	0.10943262921593222	
0.5208333333333334	0.7016684704184704	0.35416666666666663	0.35714285714285715	-0.28867513459481287	0.4	0.375	0.3333333333333333	0.42857142857142855	0.2857142857142857	0.25805042011319096	0.38734302573220053	0.48552646870541366	0.33584408983784414	primary_recist	melanoma_recist_supported_primary	GSE145996	EcoNiche-Opt-BioObjectivePanelSearch	bio_objective	bio_prior	prior	0.43779227485571015	GSE91061,GSE78220,PRJEB23709_PD1_PRE	14	8	6	0.9999999999999999	1.0	0.0	0.12	
0.6041666666666666	0.7331054362304362	0.5	0.5	0.0	0.5333333333333333	0.5	0.5	0.5714285714285714	0.42857142857142855	0.24413251023657973	0.2019647058354649	0.6922017668189524	0.36836920754641017	primary_recist	melanoma_recist_supported_primary	GSE145996	EcoNiche-Opt-NoBioObjectivePanelSearch	no_bio_objective	drop_ifn_t_cell_inflamed	single_module_drop	0.4458491143123569	GSE91061,GSE78220,PRJEB23709_PD1_PRE	14	8	6	0.727606875108999	0.8571428571428571	0.0	0.09249426429443422	
0.8588516746411483	0.7809503299747789	0.6913875598086124	0.7073170731707317	0.43079918382479443	0.6	0.47368421052631576	0.9090909090909091	0.8181818181818182	0.6666666666666666	0.19993673171748214	0.19367762180268616	3.909417696806389	-0.06552388998309285	primary_recist	melanoma_recist_supported_primary	PRJEB23709_PD1_PRE	EcoNiche-Opt-BioObjectivePanelSearch	bio_objective	bio_prior_strong_suppression	prior_perturbation	0.5649115954639583	GSE91061,GSE78220,GSE145996	41	19	22	0.9457924331331943	1.0	0.0	0.11566339465065553	
0.861244019138756	0.777887066344463	0.8337320574162679	0.8292682926829268	0.6674641148325359	0.8292682926829268	0.8947368421052632	0.7727272727272727	0.7727272727272727	0.8947368421052632	0.19875223596012512	0.16526482856720906	3.6654311862432603	-0.01947045682223915	primary_recist	melanoma_recist_supported_primary	PRJEB23709_PD1_PRE	EcoNiche-Opt-NoBioObjectivePanelSearch	no_bio_objective	drop_ifn_t_cell_inflamed	single_module_drop	0.4722039434900519	GSE91061,GSE78220,GSE145996	41	19	22	0.727606875108999	0.8571428571428571	0.0	0.09249426429443422	
0.575	0.7723099816849817	0.3875	0.38461538461538464	-0.21957751641341997	0.42857142857142855	0.375	0.4	0.5	0.2857142857142857	0.2424642519837174	0.13841170457377663	0.8674800804765738	0.5636686796020282	strict_recist	strict_melanoma_pd1_like_external	GSE145996	EcoNiche-Opt-BioObjectivePanelSearch	bio_objective	bio_prior	prior	0.45734091905720653	GSE91061,GSE78220,PRJEB23709_PD1_PRE	13	8	5	0.9999999999999999	1.0	0.0	0.12	discovery_only_inner_lodo_no_external_selection
0.5727272727272728	0.5781971708133998	0.5539772727272727	0.5533980582524272	0.10771002748383117	0.54	0.5625	0.5454545454545454	0.5192307692307693	0.5882352941176471	0.2528929016588206	0.10254306856370388	0.43467756849399414	-0.13039810267720622	strict_recist	strict_melanoma_pd1_like_external	PHS000452_LIU_LIKE_PRE	EcoNiche-Opt-BioObjectivePanelSearch	bio_objective	bio_prior	prior	0.45734091905720653	GSE91061,GSE78220,PRJEB23709_PD1_PRE	103	48	55	0.9999999999999999	1.0	0.0	0.12	discovery_only_inner_lodo_no_external_selection
0.675	0.812202380952381	0.6125	0.6153846153846154	0.21957751641341997	0.6666666666666666	0.625	0.6	0.7142857142857143	0.5	0.23162842868352101	0.27930980247747644	0.9908589032272777	0.5920109299510172	strict_recist	strict_melanoma_pd1_like_external	GSE145996	EcoNiche-Opt-NoBioObjectivePanelSearch	no_bio_objective	drop_ifn_t_cell_inflamed	single_module_drop	0.4341859731550104	GSE91061,GSE78220,PRJEB23709_PD1_PRE	13	8	5	0.727606875108999	0.8571428571428571	0.0	0.09249426429443422	discovery_only_inner_lodo_no_external_selection
0.5715909090909091	0.5707363446851127	0.5488636363636363	0.5436893203883495	0.09855199007206028	0.5607476635514018	0.625	0.4727272727272727	0.5084745762711864	0.5909090909090909	0.25540378038130196	0.14044154734068684	0.38254015577181505	-0.1341782241176102	strict_recist	strict_melanoma_pd1_like_external	PHS000452_LIU_LIKE_PRE	EcoNiche-Opt-NoBioObjectivePanelSearch	no_bio_objective	drop_ifn_t_cell_inflamed	single_module_drop	0.4341859731550104	GSE91061,GSE78220,PRJEB23709_PD1_PRE	103	48	55	0.727606875108999	0.8571428571428571	0.0	0.09249426429443422	discovery_only_inner_lodo_no_external_selection
