endpoint	stratum	holdout	candidate	inner_mean_AUROC	inner_mean_AUPRC	inner_mean_balanced_accuracy	inner_mean_ECE	inner_sd_AUROC	performance_score	selection_score	bio_cell_specificity	bio_pathway	bio_network	bio_lr	bio_direction_stability	penalty_size	penalty_batch	penalty_leakage	penalty_redundancy	penalty_therapy_confounding	bio_bonus	bio_penalty	bio_objective_delta
primary_recist	melanoma_recist_supported_primary	GSE91061	module_prior_composite	0.6815943559364612	0.7219762250433064	0.5813189003978478	0.27137275312295905	0.14672722006363606	0.7467591122085189	0.7467591122085189													
primary_recist	melanoma_recist_supported_primary	GSE91061	module_positive_composite	0.622868359710465	0.6865964428986114	0.5589381378855063	0.21736006745027833	0.14740437118466207	0.6851450887496708	0.6851450887496708													
primary_recist	melanoma_recist_supported_primary	GSE91061	word_full_graph	0.8832687780056202	0.9220660216313142	0.6979292637187374	0.1869438449537225	0.05465480674988804	0.9577356035741805	1.0638090894088348	0.53125	0.023809523809523808	0.9761904761904762	0.0	0.9166666666666666	0.25925925925925924	0.18293836668081542	0.0	0.3270315641159243	0.16805659176094356	0.15583333333333332	0.049759847498679	0.10607348583465433
primary_recist	melanoma_recist_supported_primary	GSE91061	word_no_interaction	0.8610775189722558	0.8515671163301172	0.6745710429920956	0.2533525209979299	0.13326702952085845	0.8819897413207965	0.8783388470325206	0.5454545454545454	0.0	0.0	0.0	0.9090909090909091	0.2777777777777778	0.6593171742902054	0.0	0.4063539010450438	0.7168070109066509	0.11636363636363636	0.12001453065191228	-0.0036508942882759188
primary_recist	melanoma_recist_supported_primary	GSE91061	word_unsigned_graph	0.42164743151585254	0.4973860209516401	0.45075794088951976	0.38333081191715107	0.14868502540201228	0.3695160474370144	0.4868099518170942	0.6	0.023255813953488372	0.9767441860465116	0.0	0.9222222222222223	0.2222222222222222	0.08381697108496575	0.0	0.30595293795725165	0.2718395984829845	0.1617777777777778	0.04448387339769796	0.11729390438007983
primary_recist	melanoma_recist_supported_primary	GSE91061	word_no_bio_objective	0.7190645611698243	0.7226895354953501	0.6576227135437661	0.1882896986993329	0.12572697890050855	0.7393940550864188	0.7393940550864188	0.5454545454545454	0.0	1.0	0.0	0.9494949494949495	0.2777777777777778	0.106196285728611	0.0	0.32989432907809874	0.1615737377957074	0.1595959595959596	0.0441802173130903	0.1154157422828693
primary_recist	melanoma_recist_supported_primary	GSE91061	module_logistic_l1_C0.05	0.5	0.5177872413644771	0.5	0.042177485266916136	0.0	0.5508893620682239	0.5508893620682239													
primary_recist	melanoma_recist_supported_primary	GSE91061	module_logistic_l1_C0.25	0.5397314673630462	0.5877203361550151	0.5465499412867834	0.13410981405155956	0.040646096050502824	0.5964449812351361	0.5964449812351361													
primary_recist	melanoma_recist_supported_primary	GSE91061	module_logistic_l1_C1	0.5947068282594599	0.6283997501445493	0.5754417366259471	0.24490097754666681	0.02336817523170498	0.6548989025979847	0.6548989025979847													
primary_recist	melanoma_recist_supported_primary	GSE91061	module_logistic_l2_C0.05	0.5875177454124824	0.6224810079552295	0.5660384936700726	0.09826487773662622	0.07129749552219092	0.6469437204937475	0.6469437204937475													
primary_recist	melanoma_recist_supported_primary	GSE91061	module_logistic_l2_C0.25	0.5950883911410226	0.6254136323215881	0.5462695199537305	0.18997344984535516	0.03795906016277528	0.6536725487547885	0.6536725487547885													
primary_recist	melanoma_recist_supported_primary	GSE91061	module_logistic_l2_C1	0.5866447149341886	0.6168434331232072	0.578442756074335	0.2659545775941865	0.024878127437221686	0.6464090243940657	0.6464090243940657													
primary_recist	melanoma_recist_supported_primary	GSE78220	module_prior_composite	0.6697506440927494	0.6593027402156862	0.4846813274444853	0.3131194118962686	0.1503225140394979	0.726949847475758	0.726949847475758													
primary_recist	melanoma_recist_supported_primary	GSE78220	module_positive_composite	0.6536375904796957	0.6552704741986846	0.5603545577229787	0.27033791070363195	0.13574709516448272	0.7144188420757789	0.7144188420757789													
primary_recist	melanoma_recist_supported_primary	GSE78220	word_full_graph	0.5368916901811639	0.5280055280000898	0.5025641025641026	0.394327872335495	0.14653644864277204	0.4897298653698064	0.5730053337937366	0.5	0.0	1.0	0.0	0.975	0.4074074074074074	0.1289073755364418	0.0	0.7566891064857073	0.20562379825145552	0.158	0.07472453157606979	0.08327546842393022
primary_recist	melanoma_recist_supported_primary	GSE78220	word_no_interaction	0.7503915674968308	0.6670311032855958	0.6365604424814951	0.22277529587656955	0.0881145856459439	0.7758548420273049	0.7734240784911854	0.5161290322580645	0.0	0.0	0.0	0.9784946236559139	0.24074074074074073	0.6135905937804743	0.0	0.5101925343992095	0.7554830431441933	0.11956989247311828	0.12200065600923772	-0.002430763536119443
primary_recist	melanoma_recist_supported_primary	GSE78220	word_unsigned_graph	0.7058484644010962	0.613344720092294	0.5368359710464974	0.30731855064840713	0.10553968639841606	0.7004340934861021	0.7781590064890519	0.5	0.045454545454545456	0.9545454545454546	0.0	0.9895833333333333	0.25925925925925924	0.22037721147457845	0.0	0.7972507518256788	0.27157337568192463	0.15916666666666668	0.08144175366371682	0.07772491300294986
primary_recist	melanoma_recist_supported_primary	GSE78220	word_no_bio_objective	0.6653263403263403	0.5953636280316155	0.5243932237353289	0.3050929696023694	0.031014414514836594	0.6913619323442364	0.6913619323442364	0.6363636363636364	0.022727272727272728	0.9772727272727273	0.0	0.9646464646464646	0.2777777777777778	0.17563983223473587	0.0	0.4844223849959261	0.22193925337612105	0.16808080808080808	0.06048037960849234	0.10760042847231574
primary_recist	melanoma_recist_supported_primary	GSE78220	module_logistic_l1_C0.05	0.5	0.41297494607599133	0.5	0.13464410154305623	0.0	0.5456487473037996	0.5456487473037996													
primary_recist	melanoma_recist_supported_primary	GSE78220	module_logistic_l1_C0.25	0.651928188770294	0.6447222194033672	0.5599272072956284	0.26478286568862425	0.1360562397700448	0.7121606601052437	0.7121606601052437													
primary_recist	melanoma_recist_supported_primary	GSE78220	module_logistic_l1_C1	0.6116090050300577	0.6201806685762857	0.5662853228642702	0.23188586706221667	0.12167708950455418	0.6709323046020855	0.6709323046020855													
primary_recist	melanoma_recist_supported_primary	GSE78220	module_logistic_l2_C0.05	0.6591624749519486	0.6374890454763512	0.5622776346460557	0.25169093797370096	0.1442643376504906	0.7191508089580689	0.7191508089580689													
primary_recist	melanoma_recist_supported_primary	GSE78220	module_logistic_l2_C0.25	0.6253833885412833	0.6193810964612386	0.5826084733979471	0.23259233984597402	0.1066916105616918	0.6854828670342425	0.6854828670342425													
primary_recist	melanoma_recist_supported_primary	GSE78220	module_logistic_l2_C1	0.5832975504028136	0.586868506994849	0.5629585326953748	0.2727558671959809	0.09514769562285107	0.6407889023873248	0.6407889023873248													
primary_recist	melanoma_recist_supported_primary	GSE145996	module_prior_composite	0.7122567490988544	0.6357707545878359	0.618025249604197	0.25178482833564675	0.11640707219066235	0.7749465493084561	0.7749465493084561													
primary_recist	melanoma_recist_supported_primary	GSE145996	module_positive_composite	0.6664581033002085	0.6089766230113497	0.6355060144533828	0.24041753834460344	0.12172337304988604	0.7286822351734451	0.7286822351734451													
primary_recist	melanoma_recist_supported_primary	GSE145996	word_full_graph	0.5956931956931957	0.5509593640201341	0.5114774114774114	0.39571959867417944	0.19280598566921886	0.5302423693168042	0.633917643932179	0.5454545454545454	0.0	1.0	0.0	0.898989898989899	0.2777777777777778	0.11502909695926217	0.0	0.6009235945577129	0.030413246888861694	0.15555555555555556	0.051880280940180816	0.10367527461537474
primary_recist	melanoma_recist_supported_primary	GSE145996	word_no_interaction	0.7254774465300781	0.6868983297310192	0.6005687295160979	0.1717061295054851	0.1526494543958976	0.7297475420750081	0.7429457760178937	0.46153846153846156	0.0	0.0	0.0	0.9059829059829059	0.3888888888888889	0.49808292670808335	0.0	0.7539953958109157	0.06203031952151556	0.1094017094017094	0.0962034754588238	0.013198233942885607
primary_recist	melanoma_recist_supported_primary	GSE145996	word_unsigned_graph	0.6662670662670663	0.6082257037856468	0.5467754467754468	0.3022393182568433	0.14276131684593973	0.6448499186652039	0.7683096951119708	0.6060606060606061	0.0	1.0	0.0	0.8787878787878788	0.2777777777777778	0.0795439104150508	0.0	0.32032854067306904	0.03674102726286609	0.15878787878787878	0.03532810234111194	0.12345977644676684
primary_recist	melanoma_recist_supported_primary	GSE145996	word_no_bio_objective	0.7010422326211799	0.6139295437132488	0.6042457542457543	0.23094051718819342	0.16911050420457324	0.6819066702345056	0.6819066702345056	0.4838709677419355	0.0	1.0	0.0	0.924731182795699	0.24074074074074073	0.09808100811345871	0.0	0.606432779223445	0.037311124552532215	0.15268817204301077	0.049663305467505185	0.10302486657550558
primary_recist	melanoma_recist_supported_primary	GSE145996	module_logistic_l1_C0.05	0.5	0.3953382617726404	0.5	0.11700741723970526	0.0	0.544766913088632	0.544766913088632													
primary_recist	melanoma_recist_supported_primary	GSE145996	module_logistic_l1_C0.25	0.6270770165507007	0.5595572966329169	0.5817539185960239	0.24469119157763153	0.14198913485909093	0.6841425773121478	0.6841425773121478													
primary_recist	melanoma_recist_supported_primary	GSE145996	module_logistic_l1_C1	0.6308469308469308	0.558801857495489	0.5647402305297042	0.210336828856477	0.1324699051736431	0.6870240352481904	0.6870240352481904													
primary_recist	melanoma_recist_supported_primary	GSE145996	module_logistic_l2_C0.05	0.670769581295897	0.5937208229698075	0.5973269420637841	0.22394296365988087	0.1300572844893596	0.7303219695475767	0.7303219695475767													
primary_recist	melanoma_recist_supported_primary	GSE145996	module_logistic_l2_C0.25	0.6443655759445234	0.579059785885759	0.5790925448820186	0.23198413118479544	0.13474847660418177	0.7022731924829122	0.7022731924829122													
primary_recist	melanoma_recist_supported_primary	GSE145996	module_logistic_l2_C1	0.6013179802653487	0.5385047136052927	0.6012785460153881	0.26807307870160696	0.13545366007104098	0.6583071432463827	0.6583071432463827													
primary_recist	melanoma_recist_supported_primary	PRJEB23709_PD1_PRE	module_prior_composite	0.5940018315018315	0.5919310143351496	0.5492979242979243	0.15965219964307512	0.053732902652584104	0.6510632784334852	0.6510632784334852													
primary_recist	melanoma_recist_supported_primary	PRJEB23709_PD1_PRE	module_positive_composite	0.5564102564102563	0.5717864621255365	0.48498168498168504	0.14884919717255138	0.054874191177006905	0.6092486637656174	0.6092486637656174													
primary_recist	melanoma_recist_supported_primary	PRJEB23709_PD1_PRE	word_full_graph	0.5680250305250305	0.5319678025591549	0.5066544566544566	0.2950434795335958	0.18263486850820643	0.5201123208549365	0.6073628029912089	0.475	0.0	1.0	0.0	0.8916666666666666	0.4074074074074074	0.22507828327842938	0.0	0.35391425649092895	0.20169158827887682	0.14933333333333332	0.06208285119706094	0.08725048213627237
primary_recist	melanoma_recist_supported_primary	PRJEB23709_PD1_PRE	word_no_interaction	0.6733211233211233	0.6327481107133127	0.5175824175824176	0.20801943860172076	0.18379862823656415	0.6485627567748634	0.6678318532723917	0.5	0.0	0.0	0.0	0.9068627450980393	0.2962962962962963	0.5278614008618568	0.0	0.28633473536289605	0.49764844842739314	0.11254901960784314	0.09327992311031487	0.019269096497528268
primary_recist	melanoma_recist_supported_primary	PRJEB23709_PD1_PRE	word_unsigned_graph	0.42593101343101347	0.41607840213719866	0.4097680097680098	0.43149672538910416	0.010498325311442356	0.4185784989346192	0.49833055059375253	0.5238095238095238	0.0	1.0	0.0	0.9126984126984126	0.4444444444444444	0.21133055752708876	0.0	0.5307925988826123	0.2788946187485216	0.1549206349206349	0.07516858326150158	0.07975205165913332
primary_recist	melanoma_recist_supported_primary	PRJEB23709_PD1_PRE	word_no_bio_objective	0.5393467643467643	0.5253943216877546	0.5812423687423688	0.3216556814467481	0.2990271034345449	0.4381377661901007	0.4381377661901007	0.5641025641025641	0.0	1.0	0.0	0.8846153846153846	0.3888888888888889	0.11968320124385039	0.0	0.2900210193282054	0.1827502108191695	0.15589743589743588	0.04876877316243233	0.10712866273500354
primary_recist	melanoma_recist_supported_primary	PRJEB23709_PD1_PRE	module_logistic_l1_C0.05	0.5	0.4313429075333837	0.5	0.12862181909800954	0.0	0.5465671453766692	0.5465671453766692													
primary_recist	melanoma_recist_supported_primary	PRJEB23709_PD1_PRE	module_logistic_l1_C0.25	0.5112179487179488	0.528138580594721	0.4686355311355312	0.14473889168629991	0.008580330344128763	0.5610566543044614	0.5610566543044614													
primary_recist	melanoma_recist_supported_primary	PRJEB23709_PD1_PRE	module_logistic_l1_C1	0.501037851037851	0.48829259270828124	0.5290750915750916	0.20753103210460253	0.058689338734292405	0.5519062352520197	0.5519062352520197													
primary_recist	melanoma_recist_supported_primary	PRJEB23709_PD1_PRE	module_logistic_l2_C0.05	0.5163156288156289	0.5322174724574892	0.4718406593406594	0.1842480589924902	0.032837903676126615	0.5665185354055363	0.5665185354055363													
primary_recist	melanoma_recist_supported_primary	PRJEB23709_PD1_PRE	module_logistic_l2_C0.25	0.497481684981685	0.5061196372768543	0.49267399267399264	0.21215371380617656	0.08322151489784337	0.5474213664792273	0.5474213664792273													
primary_recist	melanoma_recist_supported_primary	PRJEB23709_PD1_PRE	module_logistic_l2_C1	0.4986874236874237	0.5044944602293192	0.5029456654456654	0.2848776845291254	0.10262666887810913	0.5490594299711729	0.5490594299711729													
primary_recist	melanoma_core_high_evidence	GSE91061	module_prior_composite	0.7619748672380251	0.7321301023557244	0.6381184604868816	0.25380321865790734	0.11362321888637678	0.8304872953801553	0.8304872953801553													
primary_recist	melanoma_core_high_evidence	GSE91061	module_positive_composite	0.6843025395656974	0.6820445977478504	0.6657881592092119	0.24247583593924565	0.14584100110415898	0.7516941774135506	0.7516941774135506													
primary_recist	melanoma_core_high_evidence	GSE91061	word_full_graph	0.8040643566959356	0.7689729973897355	0.6498501498501498	0.2864903004736408	0.13373468636626534	0.8103000099915512	0.914559322437702	0.55	0.0	1.0	0.0	0.9125	0.4074074074074074	0.07187316326862915	0.0	0.5631392766442037	0.050751487277047994	0.157	0.05274068755384922	0.10425931244615078
primary_recist	melanoma_core_high_evidence	GSE91061	word_no_interaction	0.9019007308480993	0.8884161595611884	0.586038961038961	0.3030523951259483	0.050252379199747566	0.9519728649473875	0.9988503396346764	0.4722222222222222	0.0	0.0	0.0	0.9444444444444444	0.3333333333333333	0.23797300888059758	0.0	0.6224934815557239	0.059200210489541875	0.11333333333333334	0.06645585864604443	0.04687747468728891
primary_recist	melanoma_core_high_evidence	GSE91061	word_unsigned_graph	0.6278852726221147	0.697421725614231	0.6175534991324465	0.30304946565165425	0.18530154056469847	0.5996620070382978	0.709984142784857	0.4857142857142857	0.0	1.0	0.0	0.9428571428571428	0.3148148148148148	0.11930610799605126	0.0	0.3937384551356924	0.04279149100187432	0.1542857142857143	0.043963578539155036	0.11032213574655927
primary_recist	melanoma_core_high_evidence	GSE91061	word_no_bio_objective	0.8225853094274147	0.8107612262992602	0.5832917082917083	0.34186048008432557	0.12478311162521688	0.8253945452279298	0.8253945452279298	0.5142857142857142	0.0	1.0	0.0	0.9142857142857143	0.3148148148148148	0.06165536493902065	0.0	0.562773019552979	0.05661015856621252	0.1542857142857143	0.04849418069367382	0.1057915335920405
primary_recist	melanoma_core_high_evidence	GSE91061	module_logistic_l1_C0.05	0.5	0.49096657633243	0.5	0.0275519421860885	0.0	0.5495483288166215	0.5495483288166215													
primary_recist	melanoma_core_high_evidence	GSE91061	module_logistic_l1_C0.25	0.5360166149639833	0.5296978158424812	0.5371076292128925	0.14455176841165412	0.05250013144749982	0.589356887216752	0.589356887216752													
primary_recist	melanoma_core_high_evidence	GSE91061	module_logistic_l1_C1	0.5920658289079341	0.5662182426507536	0.5607878963142121	0.2561823226470139	0.03712077396287922	0.6484161358561824	0.6484161358561824													
primary_recist	melanoma_core_high_evidence	GSE91061	module_logistic_l2_C0.05	0.5922892896577107	0.5550068904139238	0.588635049161365	0.11767919319329956	0.015366212734633788	0.6494713866364752	0.6494713866364752													
primary_recist	melanoma_core_high_evidence	GSE91061	module_logistic_l2_C0.25	0.5897654976602345	0.5529817250415525	0.5942872916557127	0.15943406393130483	0.003641095746358902	0.6471289484950977	0.6471289484950977													
primary_recist	melanoma_core_high_evidence	GSE91061	module_logistic_l2_C1	0.5911851306588147	0.554562141103706	0.6063344550186656	0.20259683059160588	0.024199484725800524	0.6492299604649334	0.6492299604649334													
primary_recist	melanoma_core_high_evidence	GSE78220	module_prior_composite	0.7442092994724574	0.6381198751142941	0.5789933750460066	0.2695320633837607	0.13138878665194453	0.8050649619804724	0.8050649619804724													
primary_recist	melanoma_core_high_evidence	GSE78220	module_positive_composite	0.7304563857195436	0.6350556446979603	0.5841215801742117	0.24046343449527224	0.09968715495031283	0.7914152469631521	0.7914152469631521													
primary_recist	melanoma_core_high_evidence	GSE78220	word_full_graph	0.7115691326217641	0.5932283629931574	0.5	0.3072256089155232	0.10900503005766166	0.7007558640578038	0.7885930386368596	0.5	0.022222222222222223	0.9777777777777777	0.0	0.9659090909090909	0.48148148148148145	0.11027780287248895	0.0	0.8142720887189202	0.01280929537334184	0.1572727272727273	0.06943555269367148	0.08783717457905581
primary_recist	melanoma_core_high_evidence	GSE78220	word_no_interaction	0.7597656729235677	0.6655713228718574	0.5735431235431235	0.2436491073032779	0.11104772420561893	0.7684811193998894	0.7958475540003718	0.47058823529411764	0.0	0.0	0.0	0.9558823529411765	0.2962962962962963	0.45348622092727814	0.0	0.7559572347354553	0.01645202391068623	0.11411764705882355	0.08675121245834119	0.027366434600482353
primary_recist	melanoma_core_high_evidence	GSE78220	word_unsigned_graph	0.7752361673414305	0.6341358895933606	0.6404367562262299	0.1748750868256303	0.09318488529014846	0.8025071327076666	0.9121192291669293	0.5789473684210527	0.0	1.0	0.0	0.9473684210526315	0.37037037037037035	0.05618807392376603	0.0	0.6451524157335651	0.01851370366475416	0.16210526315789472	0.052493166698632056	0.10961209645926268
primary_recist	melanoma_core_high_evidence	GSE78220	word_no_bio_objective	0.5883695252116304	0.5694725174485823	0.5033492822966508	0.2156571289558979	0.050092013249907974	0.6155942657654779	0.6155942657654779	0.45714285714285713	0.022727272727272728	0.9772727272727273	0.0	0.9571428571428572	0.3148148148148148	0.12333994879636424	0.0	0.8949301861197746	0.016437595590509547	0.15314285714285714	0.06802817758181594	0.0851146795610412
primary_recist	melanoma_core_high_evidence	GSE78220	module_logistic_l1_C0.05	0.5	0.33374813339970133	0.5	0.16625186660029864	0.0	0.541687406669985	0.541687406669985													
primary_recist	melanoma_core_high_evidence	GSE78220	module_logistic_l1_C0.25	0.7205434915961232	0.6294158834040063	0.5467795362532204	0.2626851541946903	0.10003067108330266	0.7793532625789845	0.7793532625789845													
primary_recist	melanoma_core_high_evidence	GSE78220	module_logistic_l1_C1	0.6799595141700405	0.5673862124151028	0.6347135320819531	0.22424605812200515	0.05688259109311744	0.7400645013948933	0.7400645013948933													
primary_recist	melanoma_core_high_evidence	GSE78220	module_logistic_l2_C0.05	0.7376334192123666	0.6209354066215413	0.6561096797938903	0.2208201357967659	0.10686418844313583	0.8014856735331382	0.8014856735331382													
primary_recist	melanoma_core_high_evidence	GSE78220	module_logistic_l2_C0.25	0.6913200834253466	0.5885557842884696	0.5924886516991781	0.272807191978558	0.08619187829714137	0.750372305224729	0.750372305224729													
primary_recist	melanoma_core_high_evidence	GSE78220	module_logistic_l2_C1	0.643387314439946	0.5382509980639238	0.5851429272481904	0.19344365183106269	0.04082321187584337	0.6995570107055517	0.6995570107055517													
primary_recist	melanoma_core_high_evidence	PRJEB23709_PD1_PRE	module_prior_composite	0.6305860805860806	0.5370622862934893	0.5531135531135531	0.21223644255589835	0.017765567765567758	0.6850948725564326	0.6850948725564326													
primary_recist	melanoma_core_high_evidence	PRJEB23709_PD1_PRE	module_positive_composite	0.5846153846153845	0.5098296265882383	0.5191391941391942	0.21264666882601344	0.046153846153846156	0.6360638256517561	0.6360638256517561													
primary_recist	melanoma_core_high_evidence	PRJEB23709_PD1_PRE	word_full_graph	0.6395604395604396	0.5533475822030087	0.643956043956044	0.21075142565859661	0.029670329670329676	0.6821286377781048	0.7840435048363716	0.4523809523809524	0.0	1.0	0.0	0.8928571428571429	0.4444444444444444	0.09940136220695886	0.0	0.3994858761289272	0.0	0.14761904761904765	0.04570418056078085	0.1019148670582668
primary_recist	melanoma_core_high_evidence	PRJEB23709_PD1_PRE	word_no_interaction	0.8137362637362637	0.7032972478628996	0.5442307692307693	0.25435073881602566	0.021428571428571463	0.8634820590188311	0.9073620100615828	0.4666666666666667	0.0	0.0	0.0	0.9	0.2222222222222222	0.3864173873926076	0.0	0.5130220482056842	0.0	0.10933333333333334	0.0654533822905817	0.043879951042751636
primary_recist	melanoma_core_high_evidence	PRJEB23709_PD1_PRE	word_unsigned_graph	0.5461538461538462	0.46743889990196874	0.5103479853479853	0.419703735744446	0.030769230769230826	0.5416134212036215	0.663842553505444	0.5882352941176471	0.0	1.0	0.0	0.8529411764705882	0.2962962962962963	0.06160654337607297	0.0	0.3256922004659751	0.0	0.15529411764705883	0.03306498534523644	0.12222913230182239
primary_recist	melanoma_core_high_evidence	PRJEB23709_PD1_PRE	word_no_bio_objective	0.6705128205128206	0.5058435266330004	0.6266483516483516	0.18373354259873464	0.1371794871794872	0.6631387901379587	0.6631387901379587	0.575	0.023255813953488372	0.9767441860465116	0.0	0.8375	0.4074074074074074	0.08595807324101573	0.0	0.3921378575356154	0.0	0.153	0.042779835032358327	0.11022016496764167
primary_recist	melanoma_core_high_evidence	PRJEB23709_PD1_PRE	module_logistic_l1_C0.05	0.5	0.36130007558578986	0.5	0.15721844293272863	0.0	0.5430650037792896	0.5430650037792896													
primary_recist	melanoma_core_high_evidence	PRJEB23709_PD1_PRE	module_logistic_l1_C0.25	0.4761904761904762	0.42933804126873515	0.486996336996337	0.21742895260787337	0.036630036630036666	0.5220071951037298	0.5220071951037298													
primary_recist	melanoma_core_high_evidence	PRJEB23709_PD1_PRE	module_logistic_l1_C1	0.4236263736263736	0.3794105024796864	0.40934065934065933	0.30979706221722003	0.060989010989010994	0.4630639317173909	0.4630639317173909													
primary_recist	melanoma_core_high_evidence	PRJEB23709_PD1_PRE	module_logistic_l2_C0.05	0.4694139194139194	0.39359900135359005	0.5164835164835165	0.23874010870366585	0.0023809523809523725	0.5149180453057748	0.5149180453057748													
primary_recist	melanoma_core_high_evidence	PRJEB23709_PD1_PRE	module_logistic_l2_C0.25	0.38992673992673993	0.36172548386932657	0.41712454212454214	0.28347371726914694	0.07673992673992674	0.42886924122643333	0.42886924122643333													
primary_recist	melanoma_core_high_evidence	PRJEB23709_PD1_PRE	module_logistic_l2_C1	0.38278388278388276	0.35996923634812317	0.45009157509157505	0.3678121744837762	0.09157509157509158	0.42328692335586765	0.42328692335586765													
